,mouse,study,conc,pre.ret,pre.mn.ret,pre.prop.mn.ret,post.ret,post.mn.ret,post.prop.mn.ret,bm.ret,bm.mn.ret,prop.bm.mn.ret
JEF_4,JEF_4,1,0,19959,41,0.00205,19953,47,0.00235,19961,39,0.00195
JEF_11,JEF_11,1,0,19952,48,0.0024,19936,64,0.0032,19854,146,0.0073
JEF_20,JEF_20,1,0,NA,51,NA,19909,91,0.00455,19932,68,0.0034
JEF_25,JEF_25,1,0,19931,69,0.00345,19890,110,0.0055,19912,88,0.0044
JEF_32,JEF_32,1,0,19956,44,0.0022,19950,50,0.0025,19958,42,0.0021
JEF_34,JEF_34,1,0,19978,22,0.0011,19962,38,0.0019,19956,44,0.0022
JEF_38,JEF_38,1,0,20373,39,0.00191064079952969,19964,36,0.0018,19979,21,0.00105
JEF_39,JEF_39,1,0,19921,79,0.00395,19925,75,0.00375,19906,94,0.0047
JEF_42,JEF_42,1,0,19931,69,0.00345,19918,82,0.0041,NA,NA,NA
JEF_50,JEF_50,1,0,19931,69,0.00345,19921,79,0.00395,NA,NA,NA
JEF_58,JEF_58,1,0,19967,32,0.0016000800040002,19936,64,0.0032,19952,48,0.0024
JEF_62,JEF_62,1,0,19959,40,0.00200010000500025,19954,46,0.0023,19946,54,0.0027
JEF_76,JEF_76,1,0,19960,40,0.002,19925,75,0.00375,19966,34,0.0017
JEF_86,JEF_86,1,0,19959,41,0.00205,19947,53,0.00265,19889,111,0.00555
JEF_88,JEF_88,1,0,19959,41,0.00205,19935,65,0.00325,19870,130,0.0065
JEF_89,JEF_89,1,0,19963,37,0.00185,19954,46,0.0023,19949,51,0.00255
JEF_93,JEF_93,1,0,19964,36,0.0018,19953,47,0.00235,19920,80,0.004
JEF_94,JEF_94,1,0,19941,59,0.00295,19820,180,0.009,19036,413,0.0212350249370148
JEF_97,JEF_97,1,0,19951,49,0.00245,19918,82,0.0041,19893,107,0.00535
JEF_98,JEF_98,1,0,19924,76,0.0038,19925,75,0.00375,19904,96,0.0048
JEF_99,JEF_99,1,0,19959,41,0.00205,19898,102,0.0051,19926,74,0.0037
JEF_111,JEF_111,1,0,19955,45,0.00225,19949,51,0.00255,19931,69,0.00345
JEF_115,JEF_115,1,0,19906,94,0.0047,19913,87,0.00435,19901,99,0.00495
JEF_120,JEF_120,1,0,19952,48,0.0024,19919,81,0.00405,19943,57,0.00285
JEF_125,JEF_125,1,0,19904,96,0.0048,19942,58,0.0029,19980,20,0.001
JEF_127,JEF_127,1,0,19977,23,0.00115,19945,55,0.00275,19932,68,0.0034
JEF_131,JEF_131,1,0,19947,53,0.00265,19929,71,0.00355,19928,72,0.0036
JEF_139,JEF_139,1,0,19955,45,0.00225,19950,50,0.0025,19936,64,0.0032
JEF_140,JEF_140,1,0,19963,37,0.00185,19957,43,0.00215,19868,132,0.0066
JEF_144,JEF_144,1,0,19975,25,0.00125,19957,43,0.00215,19937,63,0.00315
JEF_154,JEF_154,1,0,19955,45,0.00225,19966,34,0.0017,19923,77,0.00385
JEF_157,JEF_157,1,0,19966,34,0.0017,19962,38,0.0019,19975,25,0.00125
JEF_165,JEF_165,1,0,19957,43,0.00215,19945,55,0.00275,19912,88,0.0044
JEF_170,JEF_170,1,0,19962,38,0.0019,19938,62,0.0031,19880,120,0.006
JEF_177,JEF_177,1,0,19956,44,0.0022,19937,63,0.00315,19895,105,0.00525
JEF_182,JEF_182,1,0,19976,24,0.0012,19944,56,0.0028,19965,35,0.00175
JEF_188,JEF_188,1,0,19950,50,0.0025,19959,40,0.00200010000500025,19950,50,0.0025
JEF_192,JEF_192,1,0,19938,62,0.0031,19925,75,0.00375,19893,107,0.00535
JEF_194,JEF_194,1,0,19941,59,0.00295,19939,61,0.00305,19940,60,0.003
JEF_206,JEF_206,1,0,19975,25,0.00125,19970,30,0.0015,19976,24,0.0012
JEF_208,JEF_208,1,0,19942,58,0.0029,19898,102,0.0051,19805,195,0.00975
JEF_211,JEF_211,1,0,19954,46,0.0023,19925,75,0.00375,19959,41,0.00205
JEF_212,JEF_212,1,0,19963,37,0.00185,19943,57,0.00285,19936,64,0.0032
JEF_217,JEF_217,1,0,19959,41,0.00205,19957,43,0.00215,19929,71,0.00355
JEF_218,JEF_218,1,0,19979,21,0.00105,19953,47,0.00235,NA,NA,NA
JEF_219,JEF_219,1,0,19957,43,0.00215,19961,39,0.00195,19948,52,0.0026
JEF_222,JEF_222,1,0,19940,60,0.003,19927,73,0.00365,19922,78,0.0039
JEF_225,JEF_225,1,0,19964,36,0.0018,19927,73,0.00365,19939,61,0.00305
JEF_228,JEF_228,1,0,19963,37,0.00185,19941,59,0.00295,19918,82,0.0041
JEF_229,JEF_229,1,0,19956,44,0.0022,19940,60,0.003,19961,39,0.00195
JEF_230,JEF_230,1,0,19961,39,0.00195,19944,56,0.0028,19921,79,0.00395
JEF_231,JEF_231,1,0,19976,24,0.0012,19955,45,0.00225,NA,NA,NA
JEF_232,JEF_232,1,0,19982,18,9e-04,19959,41,0.00205,19979,21,0.00105
JEF_249,JEF_249,1,0,19955,45,0.00225,19940,60,0.003,19897,103,0.00515
JEF_255,JEF_255,1,0,19952,48,0.0024,19943,57,0.00285,19965,35,0.00175
JEF_256,JEF_256,1,0,19954,46,0.0023,19962,38,0.0019,19951,49,0.00245
JEF_258,JEF_258,1,0,19956,44,0.0022,19941,59,0.00295,19913,87,0.00435
JEF_264,JEF_264,1,0,19966,34,0.0017,19957,43,0.00215,19784,216,0.0108
JEF_271,JEF_271,1,0,19943,57,0.00285,19934,66,0.0033,19908,92,0.0046
JEF_272,JEF_272,1,0,19961,39,0.00195,19947,52,0.00260013000650032,19943,57,0.00285
JEF_273,JEF_273,1,0,19953,47,0.00235,19956,44,0.0022,19894,106,0.0053
JEF_275,JEF_275,1,0,19970,30,0.0015,19931,69,0.00345,19935,65,0.00325
JEF_276,JEF_276,1,0,19955,45,0.00225,19942,58,0.0029,19934,66,0.0033
JEF_285,JEF_285,1,0,19966,34,0.0017,19919,81,0.00405,19953,47,0.00235
JEF_286,JEF_286,1,0,19951,49,0.00245,19939,61,0.00305,19919,81,0.00405
JEF_287,JEF_287,1,0,19951,49,0.00245,19957,43,0.00215,19858,142,0.0071
JEF_302,JEF_302,1,0,19964,36,0.0018,19968,32,0.0016,19872,128,0.0064
JEF_304,JEF_304,1,0,19936,64,0.0032,19957,43,0.00215,19900,100,0.005
JEF_312,JEF_312,1,0,19943,57,0.00285,19565,85,0.00432569974554707,19936,64,0.0032
JEF_313,JEF_313,1,0,19963,37,0.00185,19958,42,0.0021,19932,68,0.0034
JEF_316,JEF_316,1,0,19976,24,0.0012,19956,44,0.0022,19914,86,0.0043
JEF_319,JEF_319,1,0,19952,48,0.0024,19929,71,0.00355,19943,57,0.00285
JEF_320,JEF_320,1,0,19953,47,0.00235,19951,49,0.00245,19902,98,0.0049
JEF_328,JEF_328,1,0,19951,49,0.00245,19947,53,0.00265,19956,44,0.0022
JEF_2,JEF_2,1,1,19968,32,0.0016,19965,35,0.00175,19966,34,0.0017
JEF_9,JEF_9,1,1,19953,47,0.00235,19959,41,0.00205,19966,34,0.0017
JEF_10,JEF_10,1,1,19963,37,0.00185,19963,37,0.00185,19942,58,0.0029
JEF_12,JEF_12,1,1,19960,40,0.002,19956,44,0.0022,19911,89,0.00445
JEF_19,JEF_19,1,1,19968,32,0.0016,19945,55,0.00275,19921,79,0.00395
JEF_26,JEF_26,1,1,19972,28,0.0014,19951,49,0.00245,19907,93,0.00465
JEF_29,JEF_29,1,1,19949,51,0.00255,19913,87,0.00435,19960,40,0.002
JEF_30,JEF_30,1,1,19975,25,0.00125,19969,31,0.00155,19954,46,0.0023
JEF_40,JEF_40,1,1,19972,28,0.0014,19961,39,0.00195,19975,25,0.00125
JEF_43,JEF_43,1,1,19928,72,0.0036,19925,75,0.00375,19892,109,0.00544972751362432
JEF_48,JEF_48,1,1,19970,30,0.0015,19946,54,0.0027,19881,119,0.00595
JEF_49,JEF_49,1,1,19925,75,0.00375,19915,85,0.00425,19903,97,0.00485
JEF_59,JEF_59,1,1,19958,42,0.0021,20672,39,0.00188305731253923,19937,63,0.00315
JEF_61,JEF_61,1,1,19948,52,0.0026,19951,49,0.00245,NA,NA,NA
JEF_63,JEF_63,1,1,19950,50,0.0025,19945,55,0.00275,NA,NA,NA
JEF_67,JEF_67,1,1,19945,55,0.00275,19928,72,0.0036,19912,88,0.0044
JEF_70,JEF_70,1,1,19974,26,0.0013,19955,45,0.00225,19945,55,0.00275
JEF_71,JEF_71,1,1,19970,30,0.0015,19952,48,0.0024,19945,55,0.00275
JEF_72,JEF_72,1,1,19959,41,0.00205,19927,73,0.00365,NA,NA,NA
JEF_73,JEF_73,1,1,19928,72,0.0036,19925,75,0.00375,19909,91,0.00455
JEF_74,JEF_74,1,1,19957,43,0.00215,19909,91,0.00455,NA,NA,NA
JEF_75,JEF_75,1,1,19978,22,0.0011,19952,48,0.0024,19930,70,0.0035
JEF_79,JEF_79,1,1,19940,60,0.003,19921,79,0.00395,19003,172,0.00897001303780965
JEF_80,JEF_80,1,1,19873,127,0.00635,19929,71,0.00355,19764,236,0.0118
JEF_81,JEF_81,1,1,19969,31,0.00155,19950,50,0.0025,19945,55,0.00275
JEF_83,JEF_83,1,1,20839,30,0.00143753893334611,19949,51,0.00255,19934,66,0.0033
JEF_85,JEF_85,1,1,19968,32,0.0016,19960,40,0.002,19929,71,0.00355
JEF_95,JEF_95,1,1,19941,59,0.00295,19916,84,0.0042,19941,59,0.00295
JEF_100,JEF_100,1,1,19953,47,0.00235,19916,84,0.0042,19830,170,0.0085
JEF_102,JEF_102,1,1,19940,60,0.003,19925,75,0.00375,19907,93,0.00465
JEF_106,JEF_106,1,1,19942,58,0.0029,19944,56,0.0028,19944,56,0.0028
JEF_108,JEF_108,1,1,19960,40,0.002,19959,41,0.00205,19946,54,0.0027
JEF_110,JEF_110,1,1,19943,57,0.00285,19906,94,0.0047,19917,83,0.00415
JEF_114,JEF_114,1,1,19988,12,6e-04,19977,23,0.00115,19939,61,0.00305
JEF_126,JEF_126,1,1,19956,44,0.0022,19953,47,0.00235,19832,168,0.0084
JEF_128,JEF_128,1,1,19897,103,0.00515,19922,78,0.0039,19946,54,0.0027
JEF_129,JEF_129,1,1,19947,53,0.00265,19910,90,0.0045,NA,NA,NA
JEF_130,JEF_130,1,1,19942,58,0.0029,19853,147,0.00735,NA,NA,NA
JEF_132,JEF_132,1,1,19950,50,0.0025,19964,36,0.0018,19820,180,0.009
JEF_146,JEF_146,1,1,19958,42,0.0021,19953,47,0.00235,19912,88,0.0044
JEF_150,JEF_150,1,1,19953,47,0.00235,19950,50,0.0025,19961,39,0.00195
JEF_158,JEF_158,1,1,19951,49,0.00245,19950,50,0.0025,19882,118,0.0059
JEF_164,JEF_164,1,1,19968,32,0.0016,19959,41,0.00205,19934,67,0.00334983250837458
JEF_167,JEF_167,1,1,19938,62,0.0031,19922,78,0.0039,19885,115,0.00575
JEF_168,JEF_168,1,1,19983,17,0.00085,19963,37,0.00185,19937,63,0.00315
JEF_178,JEF_178,1,1,19974,26,0.0013,19962,38,0.0019,19885,115,0.00575
JEF_179,JEF_179,1,1,19965,35,0.00175,19951,49,0.00245,19871,129,0.00645
JEF_189,JEF_189,1,1,19955,45,0.00225,19925,75,0.00375,19879,121,0.00605
JEF_196,JEF_196,1,1,19955,45,0.00225,19957,43,0.00215,19827,173,0.00865
JEF_198,JEF_198,1,1,19974,26,0.0013,19964,36,0.0018,19939,61,0.00305
JEF_199,JEF_199,1,1,19967,33,0.00165,19941,59,0.00295,19917,83,0.00415
JEF_200,JEF_200,1,1,19953,47,0.00235,19937,63,0.00315,NA,NA,NA
JEF_201,JEF_201,1,1,19985,15,0.00075,19976,24,0.0012,19934,66,0.0033
JEF_207,JEF_207,1,1,19952,48,0.0024,19962,38,0.0019,19926,74,0.0037
JEF_213,JEF_213,1,1,19959,41,0.00205,19964,36,0.0018,19602,400,0.01999800019998
JEF_221,JEF_221,1,1,19961,39,0.00195,19960,40,0.002,19939,61,0.00305
JEF_224,JEF_224,1,1,19964,36,0.0018,19963,37,0.00185,19954,47,0.00234988250587471
JEF_238,JEF_238,1,1,19958,42,0.0021,19922,78,0.0039,19855,145,0.00725
JEF_242,JEF_242,1,1,19965,35,0.00175,19952,48,0.0024,19907,93,0.00465
JEF_243,JEF_243,1,1,19921,79,0.00395,19895,105,0.00525,NA,NA,NA
JEF_246,JEF_246,1,1,19976,24,0.0012,19952,47,0.00235011750587529,19941,59,0.00295
JEF_254,JEF_254,1,1,19955,45,0.00225,19927,73,0.00365,19871,129,0.00645
JEF_274,JEF_274,1,1,19968,32,0.0016,19937,63,0.00315,19841,159,0.00795
JEF_283,JEF_283,1,1,19963,37,0.00185,19940,60,0.003,19909,91,0.00455
JEF_291,JEF_291,1,1,19928,72,0.0036,19938,62,0.0031,19879,121,0.00605
JEF_294,JEF_294,1,1,19946,54,0.0027,19933,67,0.00335,19894,106,0.0053
JEF_297,JEF_297,1,1,19971,29,0.00145,19969,30,0.00150007500375019,19899,101,0.00505
JEF_299,JEF_299,1,1,19931,69,0.00345,19919,81,0.00405,19855,145,0.00725
JEF_300,JEF_300,1,1,19975,25,0.00125,19975,25,0.00125,19884,116,0.0058
JEF_301,JEF_301,1,1,19953,47,0.00235,19939,61,0.00305,19851,150,0.00749962501874906
JEF_303,JEF_303,1,1,19948,52,0.0026,19945,55,0.00275,19909,91,0.00455
JEF_314,JEF_314,1,1,19958,42,0.0021,19937,63,0.00315,19857,143,0.00715
JEF_323,JEF_323,1,1,19971,29,0.00145,19916,84,0.0042,NA,NA,NA
JEF_324,JEF_324,1,1,NA,36,NA,19941,59,0.00295,NA,9,NA
JEF_329,JEF_329,1,1,19956,44,0.0022,19928,72,0.0036,19888,112,0.0056
JEF_1,JEF_1,1,10,19956,44,0.0022,19952,48,0.0024,19917,84,0.00419979001049947
JEF_5,JEF_5,1,10,19935,65,0.00325,19928,72,0.0036,19921,79,0.00395
JEF_8,JEF_8,1,10,19958,42,0.0021,19955,45,0.00225,19862,138,0.0069
JEF_13,JEF_13,1,10,19930,70,0.0035,19835,165,0.00825,19920,80,0.004
JEF_17,JEF_17,1,10,20522,47,0.00228499197821965,19937,63,0.00315,19892,108,0.0054
JEF_22,JEF_22,1,10,19919,81,0.00405,19903,97,0.00485,19833,167,0.00835
JEF_23,JEF_23,1,10,19948,52,0.0026,19944,56,0.0028,19895,105,0.00525
JEF_27,JEF_27,1,10,19944,56,0.0028,19943,57,0.00285,19863,137,0.00685
JEF_28,JEF_28,1,10,19940,60,0.003,19935,65,0.00325,19881,119,0.00595
JEF_33,JEF_33,1,10,19956,44,0.0022,19949,51,0.00255,19868,132,0.0066
JEF_46,JEF_46,1,10,19954,46,0.0023,19961,39,0.00195,19857,143,0.00715
JEF_47,JEF_47,1,10,19964,36,0.0018,19938,62,0.0031,19749,252,0.0125993700314984
JEF_53,JEF_53,1,10,19972,28,0.0014,19974,26,0.0013,19916,84,0.0042
JEF_56,JEF_56,1,10,19957,43,0.00215,19921,79,0.00395,19854,146,0.0073
JEF_64,JEF_64,1,10,19942,58,0.0029,19930,70,0.0035,19816,184,0.0092
JEF_65,JEF_65,1,10,20259,25,0.00123249852100177,19930,70,0.0035,19887,113,0.00565
JEF_66,JEF_66,1,10,19935,65,0.00325,19921,79,0.00395,19903,97,0.00485
JEF_69,JEF_69,1,10,19966,34,0.0017,19943,57,0.00285,19904,96,0.0048
JEF_78,JEF_78,1,10,19931,69,0.00345,19895,105,0.00525,19885,115,0.00575
JEF_82,JEF_82,1,10,19954,46,0.0023,19947,53,0.00265,19852,151,0.00754886766984952
JEF_84,JEF_84,1,10,19946,54,0.0027,19908,92,0.0046,19842,158,0.0079
JEF_90,JEF_90,1,10,19955,45,0.00225,19908,92,0.0046,19886,114,0.0057
JEF_91,JEF_91,1,10,19933,67,0.00335,19908,92,0.0046,19898,102,0.0051
JEF_96,JEF_96,1,10,19962,38,0.0019,19929,71,0.00355,19935,65,0.00325
JEF_101,JEF_101,1,10,19940,60,0.003,19923,77,0.00385,19831,170,0.00849957502124894
JEF_119,JEF_119,1,10,19959,41,0.00205,19935,65,0.00325,19879,121,0.00605
JEF_122,JEF_122,1,10,19964,36,0.0018,19958,42,0.0021,19917,83,0.00415
JEF_123,JEF_123,1,10,19946,54,0.0027,19934,66,0.0033,19798,202,0.0101
JEF_135,JEF_135,1,10,19951,49,0.00245,19954,46,0.0023,19811,189,0.00945
JEF_136,JEF_136,1,10,19951,49,0.00245,19937,63,0.00315,19961,39,0.00195
JEF_137,JEF_137,1,10,19957,43,0.00215,19922,78,0.0039,19893,107,0.00535
JEF_153,JEF_153,1,10,19960,40,0.002,19970,30,0.0015,19899,101,0.00505
JEF_160,JEF_160,1,10,19958,42,0.0021,19922,78,0.0039,19892,108,0.0054
JEF_166,JEF_166,1,10,19955,45,0.00225,19933,67,0.00335,19948,52,0.0026
JEF_173,JEF_173,1,10,19963,37,0.00185,19962,38,0.0019,19822,178,0.0089
JEF_185,JEF_185,1,10,19954,46,0.0023,19942,58,0.0029,19906,94,0.0047
JEF_186,JEF_186,1,10,19950,50,0.0025,19923,77,0.00385,19793,207,0.01035
JEF_187,JEF_187,1,10,19934,66,0.0033,19940,60,0.003,19935,65,0.00325
JEF_195,JEF_195,1,10,19961,39,0.00195,19930,70,0.0035,19871,129,0.00645
JEF_197,JEF_197,1,10,19938,62,0.0031,19796,204,0.0102,19772,228,0.0114
JEF_204,JEF_204,1,10,19965,35,0.00175,19953,47,0.00235,19885,115,0.00575
JEF_205,JEF_205,1,10,19955,45,0.00225,19938,62,0.0031,19875,125,0.00625
JEF_209,JEF_209,1,10,19962,38,0.0019,19947,53,0.00265,19906,94,0.0047
JEF_215,JEF_215,1,10,19967,33,0.00165,19964,36,0.0018,19926,74,0.0037
JEF_216,JEF_216,1,10,19969,31,0.00155,19942,58,0.0029,19909,91,0.00455
JEF_220,JEF_220,1,10,19958,42,0.0021,19949,51,0.00255,19911,89,0.00445
JEF_223,JEF_223,1,10,19958,42,0.0021,19934,66,0.0033,19890,110,0.0055
JEF_227,JEF_227,1,10,19949,51,0.00255,19942,58,0.0029,19854,146,0.0073
JEF_233,JEF_233,1,10,19967,33,0.00165,19965,35,0.00175,19907,93,0.00465
JEF_239,JEF_239,1,10,19977,23,0.00115,19948,52,0.0026,19906,94,0.0047
JEF_240,JEF_240,1,10,20625,21,0.0010171461784365,19940,60,0.003,19912,88,0.0044
JEF_250,JEF_250,1,10,19979,21,0.00105,19903,97,0.00485,19961,39,0.00195
JEF_252,JEF_252,1,10,19976,24,0.0012,19963,37,0.00185,19922,78,0.0039
JEF_260,JEF_260,1,10,19970,30,0.0015,19967,33,0.00165,19888,112,0.0056
JEF_261,JEF_261,1,10,19938,62,0.0031,19917,83,0.00415,19831,170,0.00849957502124894
JEF_263,JEF_263,1,10,19951,49,0.00245,19947,53,0.00265,19895,105,0.00525
JEF_265,JEF_265,1,10,19955,45,0.00225,19922,78,0.0039,19718,282,0.0141
JEF_267,JEF_267,1,10,19955,45,0.00225,19889,111,0.00555,19880,120,0.006
JEF_269,JEF_269,1,10,19947,53,0.00265,19937,63,0.00315,19886,114,0.0057
JEF_270,JEF_270,1,10,19975,25,0.00125,19971,29,0.00145,19765,236,0.0117994100294985
JEF_277,JEF_277,1,10,19970,30,0.0015,19939,61,0.00305,19890,110,0.0055
JEF_284,JEF_284,1,10,19916,84,0.0042,19916,84,0.0042,19881,119,0.00595
JEF_289,JEF_289,1,10,19963,37,0.00185,19932,68,0.0034,19873,127,0.00635
JEF_290,JEF_290,1,10,19953,47,0.00235,19908,92,0.0046,19822,178,0.0089
JEF_292,JEF_292,1,10,19968,32,0.0016,19941,59,0.00295,19905,95,0.00475
JEF_296,JEF_296,1,10,19937,63,0.00315,19946,54,0.0027,19930,70,0.0035
JEF_307,JEF_307,1,10,19973,27,0.00135,20749,53,0.00254783193923661,19833,167,0.00835
JEF_308,JEF_308,1,10,19971,29,0.00145,19975,25,0.00125,19963,37,0.00185
JEF_309,JEF_309,1,10,19942,58,0.0029,19940,60,0.003,19908,92,0.0046
JEF_310,JEF_310,1,10,19960,40,0.002,19953,47,0.00235,19879,121,0.00605
JEF_311,JEF_311,1,10,19954,46,0.0023,19948,52,0.0026,19965,35,0.00175
JEF_315,JEF_315,1,10,19944,56,0.0028,19914,86,0.0043,19795,205,0.01025
JEF_318,JEF_318,1,10,19955,45,0.00225,19873,127,0.00635,19907,93,0.00465
JEF_322,JEF_322,1,10,19920,80,0.004,19865,135,0.00675,19885,115,0.00575
JEF_327,JEF_327,1,10,19934,66,0.0033,19928,72,0.0036,19908,92,0.0046
JEF_15,JEF_15,1,100,19975,25,0.00125,19789,211,0.01055,19770,230,0.0115
JEF_16,JEF_16,1,100,19959,41,0.00205,19739,261,0.01305,19788,212,0.0106
JEF_24,JEF_24,1,100,19941,59,0.00295,NA,676,NA,19314,686,0.0343
JEF_35,JEF_35,1,100,19968,32,0.0016,19565,435,0.02175,19527,473,0.02365
JEF_37,JEF_37,1,100,19961,39,0.00195,19899,101,0.00505,19876,124,0.0062
JEF_44,JEF_44,1,100,19909,91,0.00455,19789,211,0.01055,19690,310,0.0155
JEF_45,JEF_45,1,100,19951,49,0.00245,19075,925,0.04625,18923,1077,0.05385
JEF_51,JEF_51,1,100,19932,68,0.0034,19059,743,0.0375214624785375,19382,618,0.0309
JEF_52,JEF_52,1,100,19964,36,0.0018,19512,488,0.0244,19661,339,0.01695
JEF_54,JEF_54,1,100,19913,87,0.00435,19392,608,0.0304,19002,998,0.0499
JEF_55,JEF_55,1,100,19960,40,0.002,19046,954,0.0477,19141,859,0.04295
JEF_57,JEF_57,1,100,19859,141,0.00705,19274,726,0.0363,19120,880,0.044
JEF_60,JEF_60,1,100,19968,32,0.0016,19883,117,0.00585,19854,146,0.0073
JEF_68,JEF_68,1,100,19969,31,0.00155,19753,69,0.0034809807284835,19939,61,0.00305
JEF_92,JEF_92,1,100,19918,82,0.0041,18720,1280,0.064,19236,764,0.0382
JEF_105,JEF_105,1,100,19963,37,0.00185,19698,302,0.0151,19640,360,0.018
JEF_109,JEF_109,1,100,19965,35,0.00175,19463,537,0.02685,19626,374,0.0187
JEF_112,JEF_112,1,100,19958,42,0.0021,19453,547,0.02735,19543,457,0.02285
JEF_113,JEF_113,1,100,19939,61,0.00305,19212,788,0.0394,19600,400,0.02
JEF_116,JEF_116,1,100,19963,37,0.00185,19850,150,0.0075,19862,138,0.0069
JEF_117,JEF_117,1,100,19976,24,0.0012,19954,46,0.0023,19898,102,0.0051
JEF_118,JEF_118,1,100,19967,33,0.00165,19924,76,0.0038,19858,142,0.0071
JEF_121,JEF_121,1,100,19950,50,0.0025,19167,833,0.04165,19480,520,0.026
JEF_124,JEF_124,1,100,19963,37,0.00185,19388,612,0.0306,19523,477,0.02385
JEF_133,JEF_133,1,100,19967,33,0.00165,19913,87,0.00435,19782,219,0.0109494525273736
JEF_138,JEF_138,1,100,19925,75,0.00375,19595,405,0.02025,19478,522,0.0261
JEF_141,JEF_141,1,100,19956,43,0.00215010750537527,19241,759,0.03795,19404,596,0.0298
JEF_142,JEF_142,1,100,19955,45,0.00225,19865,135,0.00675,19806,194,0.0097
JEF_143,JEF_143,1,100,19938,62,0.0031,19203,797,0.03985,19355,645,0.03225
JEF_151,JEF_151,1,100,19979,21,0.00105,19358,642,0.0321,19357,643,0.03215
JEF_152,JEF_152,1,100,19967,33,0.00165,19923,77,0.00385,19480,520,0.026
JEF_155,JEF_155,1,100,19976,24,0.0012,19526,474,0.0237,19419,581,0.02905
JEF_156,JEF_156,1,100,19966,34,0.0017,19621,379,0.01895,19655,346,0.0172991350432478
JEF_159,JEF_159,1,100,19967,33,0.00165,19736,264,0.0132,19663,337,0.01685
JEF_161,JEF_161,1,100,19964,36,0.0018,19906,94,0.0047,19830,170,0.0085
JEF_169,JEF_169,1,100,19945,55,0.00275,19934,66,0.0033,19823,177,0.00885
JEF_171,JEF_171,1,100,19935,65,0.00325,18724,1276,0.0638,19501,499,0.02495
JEF_174,JEF_174,1,100,19954,46,0.0023,19070,930,0.0465,19814,186,0.0093
JEF_176,JEF_176,1,100,19926,74,0.0037,19842,158,0.0079,19881,119,0.00595
JEF_181,JEF_181,1,100,19988,12,6e-04,19944,56,0.0028,19918,82,0.0041
JEF_184,JEF_184,1,100,19965,35,0.00175,19464,536,0.0268,19548,452,0.0226
JEF_190,JEF_190,1,100,19888,112,0.0056,19383,617,0.03085,19352,648,0.0324
JEF_191,JEF_191,1,100,19971,29,0.00145,19560,440,0.022,19692,308,0.0154
JEF_193,JEF_193,1,100,19966,34,0.0017,19675,325,0.01625,19666,334,0.0167
JEF_202,JEF_202,1,100,19955,45,0.00225,19508,492,0.0246,19314,686,0.0343
JEF_203,JEF_203,1,100,19950,50,0.0025,19912,88,0.0044,19879,121,0.00605
JEF_210,JEF_210,1,100,19947,53,0.00265,19895,105,0.00525,19854,146,0.0073
JEF_226,JEF_226,1,100,19924,76,0.0038,18838,1162,0.0581,19279,721,0.03605
JEF_234,JEF_234,1,100,19945,55,0.00275,19303,697,0.03485,19120,880,0.044
JEF_235,JEF_235,1,100,19960,40,0.002,19859,141,0.00705,19837,163,0.00815
JEF_236,JEF_236,1,100,19964,36,0.0018,19815,185,0.00925,19888,112,0.0056
JEF_241,JEF_241,1,100,19967,33,0.00165,19299,701,0.03505,19087,913,0.04565
JEF_244,JEF_244,1,100,19962,38,0.0019,19432,568,0.0284,19459,541,0.02705
JEF_245,JEF_245,1,100,19967,33,0.00165,18939,1061,0.05305,19655,345,0.01725
JEF_248,JEF_248,1,100,19941,59,0.00295,19662,338,0.0169,19651,349,0.01745
JEF_251,JEF_251,1,100,19939,61,0.00305,19908,92,0.0046,19864,136,0.0068
JEF_257,JEF_257,1,100,19970,30,0.0015,19857,143,0.00715,19757,245,0.0122487751224878
JEF_259,JEF_259,1,100,19958,42,0.0021,19654,346,0.0173,19671,329,0.01645
JEF_262,JEF_262,1,100,19948,52,0.0026,19491,509,0.02545,19444,556,0.0278
JEF_266,JEF_266,1,100,19953,47,0.00235,19855,145,0.00725,19858,142,0.0071
JEF_268,JEF_268,1,100,19929,71,0.00355,19866,134,0.0067,19757,243,0.01215
JEF_278,JEF_278,1,100,19968,32,0.0016,19742,258,0.0129,19650,350,0.0175
JEF_280,JEF_280,1,100,19953,47,0.00235,19444,556,0.0278,19506,494,0.0247
JEF_281,JEF_281,1,100,19973,27,0.00135,19620,380,0.019,19664,336,0.0168
JEF_282,JEF_282,1,100,19967,33,0.00165,19539,461,0.02305,19394,606,0.0303
JEF_288,JEF_288,1,100,19957,43,0.00215,19587,413,0.02065,19766,234,0.0117
JEF_293,JEF_293,1,100,19976,24,0.0012,19641,359,0.01795,19636,365,0.0182490875456227
JEF_295,JEF_295,1,100,19967,33,0.00165,19680,320,0.016,19558,442,0.0221
JEF_298,JEF_298,1,100,19930,70,0.0035,18623,1377,0.06885,19461,539,0.02695
JEF_305,JEF_305,1,100,19940,60,0.003,19324,545,0.0274296643011727,19371,629,0.03145
JEF_306,JEF_306,1,100,19935,65,0.00325,19908,92,0.0046,19860,140,0.007
JEF_317,JEF_317,1,100,19969,31,0.00155,19687,313,0.01565,19429,571,0.02855
JEF_321,JEF_321,1,100,19954,44,0.0022002200220022,19020,980,0.049,19037,963,0.04815
JEF_325,JEF_325,1,100,19939,61,0.00305,19868,132,0.0066,19838,162,0.0081
JEF_326,JEF_326,1,100,19950,50,0.0025,19826,174,0.0087,19805,195,0.00975
JEF_333,JEF_333,2,0,19955,45,0.00225,19957,43,0.00215,19578,51,0.00259819654592694
JEF_334,JEF_334,2,0,19965,35,0.00175,19962,38,0.0019,19934,66,0.0033
JEF_339,JEF_339,2,0,19971,28,0.00140007000350017,19971,29,0.00145,19963,37,0.00185
JEF_343,JEF_343,2,0,19933,67,0.00335,19925,75,0.00375,19933,67,0.00335
JEF_344,JEF_344,2,0,19920,80,0.004,20314,138,0.00674750635634657,19883,117,0.00585
JEF_348,JEF_348,2,0,19945,55,0.00275,19955,45,0.00225,19957,43,0.00215
JEF_350,JEF_350,2,0,19954,46,0.0023,19947,53,0.00265,19967,33,0.00165
JEF_353,JEF_353,2,0,19962,38,0.0019,19973,27,0.00135,19897,103,0.00515
JEF_358,JEF_358,2,0,19971,29,0.00145,19956,44,0.0022,19912,88,0.0044
JEF_368,JEF_368,2,0,19987,13,0.00065,19971,29,0.00145,19936,64,0.0032
JEF_386,JEF_386,2,0,19940,60,0.003,19908,92,0.0046,19927,73,0.00365
JEF_387,JEF_387,2,0,19952,48,0.0024,19950,50,0.0025,19950,51,0.00254987250637468
JEF_389,JEF_389,2,0,19971,29,0.00145,19970,30,0.0015,19966,34,0.0017
JEF_393,JEF_393,2,0,19958,42,0.0021,19951,49,0.00245,19869,132,0.00659967001649917
JEF_403,JEF_403,2,0,19951,49,0.00245,19937,63,0.00315,19855,145,0.00725
JEF_405,JEF_405,2,0,19885,115,0.00575,19908,92,0.0046,19865,135,0.00675
JEF_406,JEF_406,2,0,19958,42,0.0021,19946,54,0.0027,19849,152,0.00759962001899905
JEF_408,JEF_408,2,0,19969,31,0.00155,19963,37,0.00185,19846,154,0.0077
JEF_410,JEF_410,2,0,19962,38,0.0019,19934,66,0.0033,19973,27,0.00135
JEF_415,JEF_415,2,0,19945,55,0.00275,19946,54,0.0027,19900,100,0.005
JEF_420,JEF_420,2,0,19963,37,0.00185,19952,48,0.0024,19932,69,0.00344982750862457
JEF_423,JEF_423,2,0,19950,50,0.0025,19934,66,0.0033,19973,27,0.00135
JEF_429,JEF_429,2,0,19964,36,0.0018,19951,49,0.00245,19829,171,0.00855
JEF_431,JEF_431,2,0,19943,57,0.00285,19958,42,0.0021,19897,103,0.00515
JEF_433,JEF_433,2,0,19924,76,0.0038,19927,73,0.00365,19923,77,0.00385
JEF_434,JEF_434,2,0,19940,60,0.003,19934,66,0.0033,19849,152,0.00759962001899905
JEF_444,JEF_444,2,0,19966,34,0.0017,19959,41,0.00205,19946,54,0.0027
JEF_445,JEF_445,2,0,19977,23,0.00115,19972,28,0.0014,19891,109,0.00545
JEF_447,JEF_447,2,0,19962,38,0.0019,19962,38,0.0019,19959,41,0.00205
JEF_454,JEF_454,2,0,19965,35,0.00175,19952,48,0.0024,19939,61,0.00305
JEF_455,JEF_455,2,0,19963,37,0.00185,19950,50,0.0025,19914,86,0.0043
JEF_460,JEF_460,2,0,19946,54,0.0027,19954,46,0.0023,NA,NA,NA
JEF_465,JEF_465,2,0,19966,34,0.0017,19943,57,0.00285,19905,95,0.00475
JEF_466,JEF_466,2,0,19961,39,0.00195,19932,68,0.0034,19863,137,0.00685
JEF_478,JEF_478,2,0,19971,29,0.00145,20364,42,0.00205821817112614,19904,96,0.0048
JEF_491,JEF_491,2,0,19942,58,0.0029,19956,44,0.0022,19912,88,0.0044
JEF_492,JEF_492,2,0,19949,51,0.00255,19940,60,0.003,19954,46,0.0023
JEF_495,JEF_495,2,0,19956,44,0.0022,19957,43,0.00215,19959,41,0.00205
JEF_497,JEF_497,2,0,19963,37,0.00185,19960,40,0.002,19885,115,0.00575
JEF_509,JEF_509,2,0,19965,35,0.00175,19943,57,0.00285,19950,50,0.0025
JEF_511,JEF_511,2,0,19939,61,0.00305,19921,79,0.00395,19862,138,0.0069
JEF_513,JEF_513,2,0,19956,44,0.0022,19962,38,0.0019,19959,41,0.00205
JEF_528,JEF_528,2,0,19960,40,0.002,19952,48,0.0024,19925,75,0.00375
JEF_542,JEF_542,2,0,19942,58,0.0029,19924,76,0.0038,19952,48,0.0024
JEF_544,JEF_544,2,0,19978,22,0.0011,19959,41,0.00205,19963,37,0.00185
JEF_546,JEF_546,2,0,19963,37,0.00185,19938,62,0.0031,19934,66,0.0033
JEF_549,JEF_549,2,0,19965,35,0.00175,19940,60,0.003,19886,115,0.00574971251437428
JEF_564,JEF_564,2,0,19967,33,0.00165,20517,67,0.00325495530509133,19938,62,0.0031
JEF_566,JEF_566,2,0,19965,35,0.00175,19894,106,0.0053,19939,61,0.00305
JEF_569,JEF_569,2,0,19936,64,0.0032,19928,72,0.0036,19922,78,0.0039
JEF_573,JEF_573,2,0,19961,39,0.00195,19943,57,0.00285,19928,72,0.0036
JEF_575,JEF_575,2,0,19944,56,0.0028,19972,28,0.0014,19874,126,0.0063
JEF_576,JEF_576,2,0,19965,35,0.00175,20614,27,0.00130807615910082,19939,61,0.00305
JEF_584,JEF_584,2,0,19929,70,0.00350017500875044,19927,73,0.00365,19893,107,0.00535
JEF_588,JEF_588,2,0,19934,66,0.0033,19918,82,0.0041,19879,122,0.00609969501524924
JEF_590,JEF_590,2,0,19972,28,0.0014,19965,35,0.00175,19962,38,0.0019
JEF_591,JEF_591,2,0,19976,24,0.0012,19964,36,0.0018,19942,58,0.0029
JEF_594,JEF_594,2,0,19946,54,0.0027,19938,62,0.0031,19936,64,0.0032
JEF_595,JEF_595,2,0,19966,34,0.0017,19961,39,0.00195,19967,33,0.00165
JEF_598,JEF_598,2,0,19952,48,0.0024,19946,54,0.0027,19926,74,0.0037
JEF_601,JEF_601,2,0,19984,16,8e-04,19980,20,0.001,19920,80,0.004
JEF_603,JEF_603,2,0,19969,31,0.00155,19952,48,0.0024,19936,64,0.0032
JEF_609,JEF_609,2,0,19966,34,0.0017,19954,45,0.00225011250562528,19925,75,0.00375
JEF_613,JEF_613,2,0,19950,50,0.0025,19943,57,0.00285,19931,69,0.00345
JEF_621,JEF_621,2,0,19930,70,0.0035,19892,108,0.0054,NA,NA,NA
JEF_622,JEF_622,2,0,19936,64,0.0032,NA,NA,NA,NA,NA,NA
JEF_626,JEF_626,2,0,19955,45,0.00225,19944,56,0.0028,19917,83,0.00415
JEF_630,JEF_630,2,0,19967,33,0.00165,19959,41,0.00205,19943,57,0.00285
JEF_633,JEF_633,2,0,19941,59,0.00295,20315,49,0.00240620703201729,19928,72,0.0036
JEF_639,JEF_639,2,0,19945,55,0.00275,19933,67,0.00335,19898,102,0.0051
JEF_644,JEF_644,2,0,19959,41,0.00205,19955,45,0.00225,19961,39,0.00195
JEF_645,JEF_645,2,0,19974,26,0.0013,19975,25,0.00125,19966,34,0.0017
JEF_652,JEF_652,2,0,19960,40,0.002,19952,48,0.0024,19872,128,0.0064
JEF_654,JEF_654,2,0,19951,49,0.00245,19938,62,0.0031,19943,57,0.00285
JEF_658,JEF_658,2,0,19958,42,0.0021,19968,32,0.0016,19917,83,0.00415
JEF_335,JEF_335,2,1,19949,51,0.00255,19941,59,0.00295,19902,98,0.0049
JEF_337,JEF_337,2,1,19961,39,0.00195,19960,40,0.002,19785,216,0.0107994600269987
JEF_345,JEF_345,2,1,19945,55,0.00275,19967,33,0.00165,19827,173,0.00865
JEF_351,JEF_351,2,1,19947,53,0.00265,19958,42,0.0021,19930,70,0.0035
JEF_355,JEF_355,2,1,19954,46,0.0023,19946,54,0.0027,19950,50,0.0025
JEF_356,JEF_356,2,1,19936,64,0.0032,19933,67,0.00335,19915,85,0.00425
JEF_365,JEF_365,2,1,19957,43,0.00215,19964,36,0.0018,19925,75,0.00375
JEF_372,JEF_372,2,1,19956,44,0.0022,19920,80,0.004,19889,112,0.0055997200139993
JEF_374,JEF_374,2,1,19960,40,0.002,19951,49,0.00245,19884,116,0.0058
JEF_375,JEF_375,2,1,19970,30,0.0015,19964,36,0.0018,19931,69,0.00345
JEF_382,JEF_382,2,1,19963,37,0.00185,19974,26,0.0013,19856,144,0.0072
JEF_383,JEF_383,2,1,19957,43,0.00215,19949,51,0.00255,19858,142,0.0071
JEF_390,JEF_390,2,1,19969,31,0.00155,19958,42,0.0021,19918,82,0.0041
JEF_394,JEF_394,2,1,19971,29,0.00145,19971,29,0.00145,19909,91,0.00455
JEF_398,JEF_398,2,1,19942,58,0.0029,19926,74,0.0037,19912,89,0.00444977751112444
JEF_399,JEF_399,2,1,19957,43,0.00215,19955,45,0.00225,19850,153,0.00764885267209918
JEF_401,JEF_401,2,1,19927,73,0.00365,19931,69,0.00345,19825,176,0.0087995600219989
JEF_402,JEF_402,2,1,19959,41,0.00205,19962,38,0.0019,19863,140,0.00699895015747638
JEF_407,JEF_407,2,1,19947,53,0.00265,19947,53,0.00265,19901,100,0.00499975001249937
JEF_409,JEF_409,2,1,19968,32,0.0016,19946,54,0.0027,19835,166,0.00829958502074896
JEF_412,JEF_412,2,1,19961,39,0.00195,19960,40,0.002,19777,224,0.0111994400279986
JEF_416,JEF_416,2,1,19963,37,0.00185,19970,30,0.0015,19915,85,0.00425
JEF_419,JEF_419,2,1,19951,49,0.00245,19959,41,0.00205,19893,107,0.00535
JEF_421,JEF_421,2,1,19923,77,0.00385,19864,136,0.0068,19830,170,0.0085
JEF_422,JEF_422,2,1,19946,54,0.0027,19931,69,0.00345,19906,94,0.0047
JEF_426,JEF_426,2,1,19923,77,0.00385,19955,45,0.00225,19862,138,0.0069
JEF_427,JEF_427,2,1,19958,42,0.0021,19965,35,0.00175,19959,41,0.00205
JEF_430,JEF_430,2,1,19943,57,0.00285,19908,92,0.0046,19940,60,0.003
JEF_435,JEF_435,2,1,19942,58,0.0029,19961,39,0.00195,19941,59,0.00295
JEF_438,JEF_438,2,1,19962,38,0.0019,19948,52,0.0026,19922,78,0.0039
JEF_442,JEF_442,2,1,19944,56,0.0028,19938,62,0.0031,19932,68,0.0034
JEF_446,JEF_446,2,1,19965,35,0.00175,19961,39,0.00195,19917,83,0.00415
JEF_452,JEF_452,2,1,19876,124,0.0062,19869,131,0.00655,19936,64,0.0032
JEF_453,JEF_453,2,1,19964,36,0.0018,19947,53,0.00265,19874,126,0.0063
JEF_457,JEF_457,2,1,19939,61,0.00305,19918,82,0.0041,19949,51,0.00255
JEF_458,JEF_458,2,1,19931,69,0.00345,19953,47,0.00235,19946,54,0.0027
JEF_464,JEF_464,2,1,19978,22,0.0011,19972,28,0.0014,19963,37,0.00185
JEF_476,JEF_476,2,1,19950,50,0.0025,19939,61,0.00305,19937,63,0.00315
JEF_480,JEF_480,2,1,19948,52,0.0026,19949,51,0.00255,19930,70,0.0035
JEF_483,JEF_483,2,1,19935,65,0.00325,19933,67,0.00335,19919,81,0.00405
JEF_485,JEF_485,2,1,19951,49,0.00245,19956,44,0.0022,19892,109,0.00544972751362432
JEF_486,JEF_486,2,1,19935,65,0.00325,20984,58,0.00275639197794886,19904,96,0.0048
JEF_508,JEF_508,2,1,19959,41,0.00205,19975,25,0.00125,19935,65,0.00325
JEF_510,JEF_510,2,1,NA,53,NA,19958,42,0.0021,19930,70,0.0035
JEF_512,JEF_512,2,1,19944,56,0.0028,19930,70,0.0035,19906,94,0.0047
JEF_515,JEF_515,2,1,19962,38,0.0019,19963,37,0.00185,19959,41,0.00205
JEF_519,JEF_519,2,1,19955,45,0.00225,19954,46,0.0023,19929,71,0.00355
JEF_526,JEF_526,2,1,19980,20,0.001,19965,35,0.00175,19927,73,0.00365
JEF_532,JEF_532,2,1,19963,37,0.00185,19972,28,0.0014,19939,61,0.00305
JEF_533,JEF_533,2,1,19948,52,0.0026,20089,85,0.0042133439080004,19966,35,0.00174991250437478
JEF_539,JEF_539,2,1,19954,46,0.0023,NA,NA,NA,NA,NA,NA
JEF_550,JEF_550,2,1,19968,32,0.0016,19970,30,0.0015,19940,60,0.003
JEF_553,JEF_553,2,1,19966,34,0.0017,19961,39,0.00195,19937,63,0.00315
JEF_558,JEF_558,2,1,19948,52,0.0026,19961,39,0.00195,19924,76,0.0038
JEF_561,JEF_561,2,1,19943,57,0.00285,19949,51,0.00255,19929,71,0.00355
JEF_565,JEF_565,2,1,19981,19,0.00095,19957,43,0.00215,19936,64,0.0032
JEF_579,JEF_579,2,1,19954,46,0.0023,19960,40,0.002,19928,72,0.0036
JEF_582,JEF_582,2,1,19951,49,0.00245,19842,158,0.0079,NA,NA,NA
JEF_585,JEF_585,2,1,19977,23,0.00115,19962,38,0.0019,19916,84,0.0042
JEF_589,JEF_589,2,1,19954,46,0.0023,19904,96,0.0048,19699,302,0.0150992450377481
JEF_593,JEF_593,2,1,19957,43,0.00215,19958,42,0.0021,19904,96,0.0048
JEF_602,JEF_602,2,1,19970,30,0.0015,19972,28,0.0014,19875,125,0.00625
JEF_604,JEF_604,2,1,19939,61,0.00305,19937,63,0.00315,19878,122,0.0061
JEF_611,JEF_611,2,1,19950,50,0.0025,19945,55,0.00275,19749,251,0.01255
JEF_617,JEF_617,2,1,19930,70,0.0035,19930,70,0.0035,19955,45,0.00225
JEF_624,JEF_624,2,1,19973,27,0.00135,19940,60,0.003,NA,NA,NA
JEF_625,JEF_625,2,1,19928,72,0.0036,19919,81,0.00405,19955,45,0.00225
JEF_627,JEF_627,2,1,19976,24,0.0012,19958,42,0.0021,NA,NA,NA
JEF_628,JEF_628,2,1,19967,33,0.00165,19945,55,0.00275,19940,60,0.003
JEF_637,JEF_637,2,1,19958,42,0.0021,19962,38,0.0019,19877,123,0.00615
JEF_640,JEF_640,2,1,19962,38,0.0019,19965,35,0.00175,19936,64,0.0032
JEF_641,JEF_641,2,1,19974,26,0.0013,19970,30,0.0015,19912,88,0.0044
JEF_642,JEF_642,2,1,19941,59,0.00295,19932,68,0.0034,19945,55,0.00275
JEF_648,JEF_648,2,1,19979,21,0.00105,19976,24,0.0012,19950,50,0.0025
JEF_649,JEF_649,2,1,19953,47,0.00235,19946,54,0.0027,19899,101,0.00505
JEF_330,JEF_330,2,10,19973,27,0.00135,19973,27,0.00135,19917,83,0.00415
JEF_332,JEF_332,2,10,19950,50,0.0025,19927,73,0.00365,19884,116,0.0058
JEF_336,JEF_336,2,10,19953,47,0.00235,19956,44,0.0022,19819,181,0.00905
JEF_340,JEF_340,2,10,19954,46,0.0023,19952,48,0.0024,19930,70,0.0035
JEF_341,JEF_341,2,10,19962,38,0.0019,19946,54,0.0027,19964,36,0.0018
JEF_342,JEF_342,2,10,19909,91,0.00455,19887,113,0.00565,19837,164,0.00819959002049898
JEF_347,JEF_347,2,10,19964,36,0.0018,NA,NA,NA,NA,NA,NA
JEF_349,JEF_349,2,10,19963,37,0.00185,19947,53,0.00265,19930,70,0.0035
JEF_352,JEF_352,2,10,19979,21,0.00105,19939,61,0.00305,19913,87,0.00435
JEF_359,JEF_359,2,10,19941,59,0.00295,19878,122,0.0061,19899,101,0.00505
JEF_369,JEF_369,2,10,19936,64,0.0032,19924,76,0.0038,19879,121,0.00605
JEF_373,JEF_373,2,10,19936,64,0.0032,19898,102,0.0051,NA,NA,NA
JEF_378,JEF_378,2,10,19966,34,0.0017,19938,62,0.0031,19893,108,0.00539973001349933
JEF_379,JEF_379,2,10,19968,32,0.0016,19954,46,0.0023,19807,194,0.00969951502424879
JEF_384,JEF_384,2,10,19969,31,0.00155,19971,29,0.00145,19969,31,0.00155
JEF_400,JEF_400,2,10,19949,51,0.00255,19909,91,0.00455,19861,139,0.00695
JEF_404,JEF_404,2,10,19931,69,0.00345,19887,113,0.00565,19923,77,0.00385
JEF_413,JEF_413,2,10,19953,47,0.00235,19953,47,0.00235,19884,116,0.0058
JEF_414,JEF_414,2,10,19941,59,0.00295,19973,27,0.00135,19881,119,0.00595
JEF_417,JEF_417,2,10,19919,81,0.00405,19908,92,0.0046,19862,138,0.0069
JEF_424,JEF_424,2,10,19965,35,0.00175,19924,76,0.0038,19889,111,0.00555
JEF_425,JEF_425,2,10,19967,33,0.00165,19950,50,0.0025,19889,111,0.00555
JEF_436,JEF_436,2,10,19969,31,0.00155,19947,53,0.00265,19942,58,0.0029
JEF_439,JEF_439,2,10,19972,28,0.0014,19967,33,0.00165,19900,102,0.0050994900509949
JEF_441,JEF_441,2,10,19943,57,0.00285,19931,69,0.00345,19881,119,0.00595
JEF_450,JEF_450,2,10,19965,35,0.00175,19954,45,0.00225011250562528,19887,113,0.00565
JEF_456,JEF_456,2,10,19985,15,0.00075,19964,36,0.0018,19975,25,0.00125
JEF_459,JEF_459,2,10,19958,42,0.0021,19949,51,0.00255,19913,89,0.00444955504449555
JEF_461,JEF_461,2,10,19950,50,0.0025,19937,63,0.00315,19911,89,0.00445
JEF_462,JEF_462,2,10,19960,40,0.002,19913,74,0.00370240656426677,19826,175,0.00874956252187391
JEF_463,JEF_463,2,10,19939,61,0.00305,19927,73,0.00365,19900,100,0.005
JEF_468,JEF_468,2,10,19952,48,0.0024,19951,49,0.00245,19898,102,0.0051
JEF_470,JEF_470,2,10,19884,116,0.0058,19834,166,0.0083,19789,212,0.0105994700264987
JEF_475,JEF_475,2,10,19940,60,0.003,19923,77,0.00385,19801,199,0.00995
JEF_479,JEF_479,2,10,19967,33,0.00165,19860,140,0.007,19834,166,0.0083
JEF_482,JEF_482,2,10,19953,47,0.00235,19918,82,0.0041,19822,178,0.0089
JEF_484,JEF_484,2,10,19971,29,0.00145,19964,36,0.0018,19912,88,0.0044
JEF_487,JEF_487,2,10,19957,43,0.00215,19953,47,0.00235,19948,52,0.0026
JEF_488,JEF_488,2,10,19946,54,0.0027,19913,87,0.00435,19859,141,0.00705
JEF_496,JEF_496,2,10,19949,51,0.00255,19920,80,0.004,19902,98,0.0049
JEF_501,JEF_501,2,10,19920,80,0.004,19910,90,0.0045,19805,196,0.00979951002449878
JEF_502,JEF_502,2,10,19967,33,0.00165,19916,84,0.0042,19946,54,0.0027
JEF_504,JEF_504,2,10,19938,62,0.0031,19861,139,0.00695,19635,365,0.01825
JEF_507,JEF_507,2,10,19949,51,0.00255,19934,66,0.0033,19832,169,0.00844957752112394
JEF_514,JEF_514,2,10,19940,60,0.003,19928,72,0.0036,19948,52,0.0026
JEF_524,JEF_524,2,10,19954,46,0.0023,19963,37,0.00185,19944,56,0.0028
JEF_525,JEF_525,2,10,19965,35,0.00175,19953,47,0.00235,19922,78,0.0039
JEF_529,JEF_529,2,10,19959,41,0.00205,19839,161,0.00805,NA,NA,NA
JEF_531,JEF_531,2,10,19965,35,0.00175,19951,49,0.00245,19929,71,0.00355
JEF_534,JEF_534,2,10,19959,41,0.00205,19957,43,0.00215,19948,52,0.0026
JEF_537,JEF_537,2,10,19963,37,0.00185,19927,73,0.00365,19681,319,0.01595
JEF_538,JEF_538,2,10,19970,30,0.0015,19958,42,0.0021,19866,134,0.0067
JEF_543,JEF_543,2,10,19959,41,0.00205,19983,17,0.00085,19803,197,0.00985
JEF_545,JEF_545,2,10,19928,72,0.0036,19924,76,0.0038,19903,97,0.00485
JEF_547,JEF_547,2,10,19956,44,0.0022,19932,68,0.0034,19881,119,0.00595
JEF_548,JEF_548,2,10,19949,51,0.00255,19900,100,0.005,19737,263,0.01315
JEF_554,JEF_554,2,10,19966,34,0.0017,19916,84,0.0042,19822,178,0.0089
JEF_556,JEF_556,2,10,19966,34,0.0017,19950,50,0.0025,19846,154,0.0077
JEF_557,JEF_557,2,10,19911,89,0.00445,19873,127,0.00635,19835,166,0.00829958502074896
JEF_560,JEF_560,2,10,19918,82,0.0041,19904,96,0.0048,19856,144,0.0072
JEF_574,JEF_574,2,10,19926,74,0.0037,19901,99,0.00495,19909,91,0.00455
JEF_577,JEF_577,2,10,19949,51,0.00255,19904,96,0.0048,19889,111,0.00555
JEF_580,JEF_580,2,10,19961,39,0.00195,19948,52,0.0026,19953,47,0.00235
JEF_581,JEF_581,2,10,19956,44,0.0022,19936,64,0.0032,19909,93,0.00464953504649535
JEF_597,JEF_597,2,10,19962,38,0.0019,19923,77,0.00385,NA,NA,NA
JEF_599,JEF_599,2,10,19959,41,0.00205,NA,43,NA,19863,137,0.00685
JEF_605,JEF_605,2,10,19943,57,0.00285,19947,53,0.00265,19907,93,0.00465
JEF_607,JEF_607,2,10,19953,47,0.00235,19952,48,0.0024,19916,84,0.0042
JEF_608,JEF_608,2,10,19932,68,0.0034,19950,50,0.0025,19947,53,0.00265
JEF_612,JEF_612,2,10,19958,42,0.0021,19935,65,0.00325,19755,245,0.01225
JEF_615,JEF_615,2,10,19944,56,0.0028,19932,68,0.0034,19939,61,0.00305
JEF_620,JEF_620,2,10,19933,67,0.00335,19951,49,0.00245,19948,52,0.0026
JEF_636,JEF_636,2,10,19978,22,0.0011,19963,37,0.00185,19940,60,0.003
JEF_647,JEF_647,2,10,19961,39,0.00195,19954,46,0.0023,19914,86,0.0043
JEF_651,JEF_651,2,10,19967,33,0.00165,19937,63,0.00315,19914,86,0.0043
JEF_338,JEF_338,2,100,19954,46,0.0023,19849,151,0.00755,19789,211,0.01055
JEF_346,JEF_346,2,100,19974,26,0.0013,19929,71,0.00355,19866,134,0.0067
JEF_354,JEF_354,2,100,19952,48,0.0024,19553,447,0.02235,19596,404,0.0202
JEF_357,JEF_357,2,100,19977,23,0.00115,19719,281,0.01405,19866,134,0.0067
JEF_361,JEF_361,2,100,19956,44,0.0022,19484,516,0.0258,19662,338,0.0169
JEF_362,JEF_362,2,100,19972,28,0.0014,20209,407,0.0197419480015522,19734,266,0.0133
JEF_363,JEF_363,2,100,19938,62,0.0031,19907,93,0.00465,19812,188,0.0094
JEF_364,JEF_364,2,100,19960,40,0.002,19921,79,0.00395,19943,57,0.00285
JEF_366,JEF_366,2,100,19969,31,0.00155,19903,97,0.00485,19853,148,0.00739963001849908
JEF_370,JEF_370,2,100,19956,44,0.0022,19916,84,0.0042,19886,114,0.0057
JEF_371,JEF_371,2,100,19949,51,0.00255,19622,378,0.0189,19287,713,0.03565
JEF_376,JEF_376,2,100,19959,41,0.00205,19411,589,0.02945,19530,470,0.0235
JEF_377,JEF_377,2,100,19931,69,0.00345,19780,650,0.0318159569260891,19346,654,0.0327
JEF_380,JEF_380,2,100,19962,38,0.0019,19902,98,0.0049,19926,74,0.0037
JEF_381,JEF_381,2,100,19967,33,0.00165,19912,88,0.0044,19874,126,0.0063
JEF_385,JEF_385,2,100,19966,34,0.0017,19938,62,0.0031,19909,91,0.00455
JEF_388,JEF_388,2,100,19974,26,0.0013,NA,NA,NA,NA,NA,NA
JEF_391,JEF_391,2,100,19942,58,0.0029,19167,833,0.04165,19425,575,0.02875
JEF_395,JEF_395,2,100,19923,77,0.00385,19007,993,0.04965,19060,940,0.047
JEF_396,JEF_396,2,100,19968,32,0.0016,19590,410,0.0205,19768,232,0.0116
JEF_411,JEF_411,2,100,19950,50,0.0025,19594,406,0.0203,19767,233,0.01165
JEF_418,JEF_418,2,100,19938,62,0.0031,19946,554,0.0270243902439024,19601,399,0.01995
JEF_428,JEF_428,2,100,19919,81,0.00405,19189,811,0.04055,19161,839,0.04195
JEF_432,JEF_432,2,100,19965,35,0.00175,19762,238,0.0119,19700,301,0.0150492475376231
JEF_437,JEF_437,2,100,19959,41,0.00205,19895,105,0.00525,19744,258,0.0128987101289871
JEF_440,JEF_440,2,100,19935,65,0.00325,19258,742,0.0371,19324,676,0.0338
JEF_443,JEF_443,2,100,19944,56,0.0028,19905,95,0.00475,19931,69,0.00345
JEF_448,JEF_448,2,100,19964,36,0.0018,19626,374,0.0187,19675,325,0.01625
JEF_449,JEF_449,2,100,19929,71,0.00355,18817,1183,0.05915,18992,1008,0.0504
JEF_451,JEF_451,2,100,19948,52,0.0026,19879,121,0.00605,19894,106,0.0053
JEF_467,JEF_467,2,100,19940,60,0.003,19407,593,0.02965,19637,363,0.01815
JEF_469,JEF_469,2,100,19931,69,0.00345,19231,769,0.03845,19141,859,0.04295
JEF_474,JEF_474,2,100,19976,24,0.0012,19816,184,0.0092,19808,192,0.0096
JEF_490,JEF_490,2,100,19909,91,0.00455,18641,1359,0.06795,18738,1263,0.0631468426578671
JEF_493,JEF_493,2,100,19955,45,0.00225,19454,546,0.0273,19566,434,0.0217
JEF_498,JEF_498,2,100,19962,37,0.00185009250462523,NA,NA,NA,NA,NA,NA
JEF_499,JEF_499,2,100,19941,59,0.00295,19385,615,0.03075,19325,676,0.0337983100844958
JEF_503,JEF_503,2,100,19961,39,0.00195,19886,114,0.0057,19877,124,0.00619969001549923
JEF_505,JEF_505,2,100,19978,22,0.0011,19696,304,0.0152,19427,573,0.02865
JEF_506,JEF_506,2,100,19961,39,0.00195,19901,99,0.00495,19896,104,0.0052
JEF_516,JEF_516,2,100,19966,34,0.0017,19943,57,0.00285,19844,156,0.0078
JEF_517,JEF_517,2,100,19922,78,0.0039,18913,1087,0.05435,18924,1076,0.0538
JEF_520,JEF_520,2,100,19957,43,0.00215,19101,899,0.04495,19480,520,0.026
JEF_521,JEF_521,2,100,19971,29,0.00145,19644,356,0.0178,19819,181,0.00905
JEF_522,JEF_522,2,100,19954,46,0.0023,19878,122,0.0061,19869,131,0.00655
JEF_523,JEF_523,2,100,19956,44,0.0022,19882,118,0.0059,19943,57,0.00285
JEF_527,JEF_527,2,100,19979,21,0.00105,19920,80,0.004,19917,83,0.00415
JEF_541,JEF_541,2,100,19948,52,0.0026,19936,64,0.0032,19957,43,0.00215
JEF_552,JEF_552,2,100,19973,27,0.00135,19693,307,0.01535,19673,327,0.01635
JEF_555,JEF_555,2,100,19932,68,0.0034,NA,NA,NA,NA,NA,NA
JEF_559,JEF_559,2,100,19979,21,0.00105,19870,130,0.0065,NA,NA,NA
JEF_562,JEF_562,2,100,19946,54,0.0027,19067,933,0.04665,19378,622,0.0311
JEF_563,JEF_563,2,100,19961,39,0.00195,19880,514,0.0252034912229087,19527,473,0.02365
JEF_570,JEF_570,2,100,19913,87,0.00435,19463,537,0.02685,19761,239,0.01195
JEF_571,JEF_571,2,100,19961,39,0.00195,19728,272,0.0136,19749,251,0.01255
JEF_572,JEF_572,2,100,19955,45,0.00225,19555,445,0.02225,19778,222,0.0111
JEF_578,JEF_578,2,100,19953,47,0.00235,19922,78,0.0039,19865,135,0.00675
JEF_587,JEF_587,2,100,19972,28,0.0014,19734,266,0.0133,19778,222,0.0111
JEF_596,JEF_596,2,100,19959,41,0.00205,19893,107,0.00535,19861,139,0.00695
JEF_606,JEF_606,2,100,19955,45,0.00225,19918,82,0.0041,19903,97,0.00485
JEF_610,JEF_610,2,100,19957,43,0.00215,19475,525,0.02625,19479,521,0.02605
JEF_614,JEF_614,2,100,19936,64,0.0032,18749,1251,0.06255,19626,374,0.0187
JEF_616,JEF_616,2,100,19966,34,0.0017,19852,148,0.0074,19894,106,0.0053
JEF_618,JEF_618,2,100,19952,48,0.0024,19907,93,0.00465,19913,87,0.00435
JEF_619,JEF_619,2,100,19952,48,0.0024,19894,106,0.0053,19878,122,0.0061
JEF_623,JEF_623,2,100,19924,76,0.0038,19086,914,0.0457,18978,1022,0.0511
JEF_629,JEF_629,2,100,19931,69,0.00345,19242,758,0.0379,19333,667,0.03335
JEF_632,JEF_632,2,100,19953,47,0.00235,19584,416,0.0208,19707,293,0.01465
JEF_634,JEF_634,2,100,19965,35,0.00175,18822,1178,0.0589,19145,855,0.04275
JEF_635,JEF_635,2,100,19938,62,0.0031,19335,665,0.03325,18831,1169,0.05845
JEF_638,JEF_638,2,100,19964,36,0.0018,19919,81,0.00405,19908,92,0.0046
JEF_643,JEF_643,2,100,19951,49,0.00245,19885,115,0.00575,19933,67,0.00335
JEF_646,JEF_646,2,100,19948,52,0.0026,19643,357,0.01785,19618,382,0.0191
JEF_653,JEF_653,2,100,19960,40,0.002,19891,109,0.00545,19876,124,0.0062
